{
  "type_description_msg": {
    "type_description": {
      "type_name": "turtlesim/action/RotateAbsolute",
      "fields": [
        {
          "name": "goal",
          "type": {
            "type_id": 1,
            "capacity": 0,
            "string_capacity": 0,
            "nested_type_name": "turtlesim/action/RotateAbsolute_Goal"
          },
          "default_value": ""
        },
        {
          "name": "result",
          "type": {
            "type_id": 1,
            "capacity": 0,
            "string_capacity": 0,
            "nested_type_name": "turtlesim/action/RotateAbsolute_Result"
          },
          "default_value": ""
        },
        {
          "name": "feedback",
          "type": {
            "type_id": 1,
            "capacity": 0,
            "string_capacity": 0,
            "nested_type_name": "turtlesim/action/RotateAbsolute_Feedback"
          },
          "default_value": ""
        },
        {
          "name": "send_goal_service",
          "type": {
            "type_id": 1,
            "capacity": 0,
            "string_capacity": 0,
            "nested_type_name": "turtlesim/action/RotateAbsolute_SendGoal"
          },
          "default_value": ""
        },
        {
          "name": "get_result_service",
          "type": {
            "type_id": 1,
            "capacity": 0,
            "string_capacity": 0,
            "nested_type_name": "turtlesim/action/RotateAbsolute_GetResult"
          },
          "default_value": ""
        },
        {
          "name": "feedback_message",
          "type": {
            "type_id": 1,
            "capacity": 0,
            "string_capacity": 0,
            "nested_type_name": "turtlesim/action/RotateAbsolute_FeedbackMessage"
          },
          "default_value": ""
        }
      ]
    },
    "referenced_type_descriptions": [
      {
        "type_name": "builtin_interfaces/msg/Time",
        "fields": [
          {
            "name": "sec",
            "type": {
              "type_id": 6,
              "capacity": 0,
              "string_capacity": 0,
              "nested_type_name": ""
            },
            "default_value": ""
          },
          {
            "name": "nanosec",
            "type": {
              "type_id": 7,
              "capacity": 0,
              "string_capacity": 0,
              "nested_type_name": ""
            },
            "default_value": ""
          }
        ]
      },
      {
        "type_name": "service_msgs/msg/ServiceEventInfo",
        "fields": [
          {
            "name": "event_type",
            "type": {
              "type_id": 3,
              "capacity": 0,
              "string_capacity": 0,
              "nested_type_name": ""
            },
            "default_value": ""
          },
          {
            "name": "stamp",
            "type": {
              "type_id": 1,
              "capacity": 0,
              "string_capacity": 0,
              "nested_type_name": "builtin_interfaces/msg/Time"
            },
            "default_value": ""
          },
          {
            "name": "client_gid",
            "type": {
              "type_id": 51,
              "capacity": 16,
              "string_capacity": 0,
              "nested_type_name": ""
            },
            "default_value": ""
          },
          {
            "name": "sequence_number",
            "type": {
              "type_id": 8,
              "capacity": 0,
              "string_capacity": 0,
              "nested_type_name": ""
            },
            "default_value": ""
          }
        ]
      },
      {
        "type_name": "turtlesim/action/RotateAbsolute_Feedback",
        "fields": [
          {
            "name": "remaining",
            "type": {
              "type_id": 10,
              "capacity": 0,
              "string_capacity": 0,
              "nested_type_name": ""
            },
            "default_value": ""
          }
        ]
      },
      {
        "type_name": "turtlesim/action/RotateAbsolute_FeedbackMessage",
        "fields": [
          {
            "name": "goal_id",
            "type": {
              "type_id": 1,
              "capacity": 0,
              "string_capacity": 0,
              "nested_type_name": "unique_identifier_msgs/msg/UUID"
            },
            "default_value": ""
          },
          {
            "name": "feedback",
            "type": {
              "type_id": 1,
              "capacity": 0,
              "string_capacity": 0,
              "nested_type_name": "turtlesim/action/RotateAbsolute_Feedback"
            },
            "default_value": ""
          }
        ]
      },
      {
        "type_name": "turtlesim/action/RotateAbsolute_GetResult",
        "fields": [
          {
            "name": "request_message",
            "type": {
              "type_id": 1,
              "capacity": 0,
              "string_capacity": 0,
              "nested_type_name": "turtlesim/action/RotateAbsolute_GetResult_Request"
            },
            "default_value": ""
          },
          {
            "name": "response_message",
            "type": {
              "type_id": 1,
              "capacity": 0,
              "string_capacity": 0,
              "nested_type_name": "turtlesim/action/RotateAbsolute_GetResult_Response"
            },
            "default_value": ""
          },
          {
            "name": "event_message",
            "type": {
              "type_id": 1,
              "capacity": 0,
              "string_capacity": 0,
              "nested_type_name": "turtlesim/action/RotateAbsolute_GetResult_Event"
            },
            "default_value": ""
          }
        ]
      },
      {
        "type_name": "turtlesim/action/RotateAbsolute_GetResult_Event",
        "fields": [
          {
            "name": "info",
            "type": {
              "type_id": 1,
              "capacity": 0,
              "string_capacity": 0,
              "nested_type_name": "service_msgs/msg/ServiceEventInfo"
            },
            "default_value": ""
          },
          {
            "name": "request",
            "type": {
              "type_id": 97,
              "capacity": 1,
              "string_capacity": 0,
              "nested_type_name": "turtlesim/action/RotateAbsolute_GetResult_Request"
            },
            "default_value": ""
          },
          {
            "name": "response",
            "type": {
              "type_id": 97,
              "capacity": 1,
              "string_capacity": 0,
              "nested_type_name": "turtlesim/action/RotateAbsolute_GetResult_Response"
            },
            "default_value": ""
          }
        ]
      },
      {
        "type_name": "turtlesim/action/RotateAbsolute_GetResult_Request",
        "fields": [
          {
            "name": "goal_id",
            "type": {
              "type_id": 1,
              "capacity": 0,
              "string_capacity": 0,
              "nested_type_name": "unique_identifier_msgs/msg/UUID"
            },
            "default_value": ""
          }
        ]
      },
      {
        "type_name": "turtlesim/action/RotateAbsolute_GetResult_Response",
        "fields": [
          {
            "name": "status",
            "type": {
              "type_id": 2,
              "capacity": 0,
              "string_capacity": 0,
              "nested_type_name": ""
            },
            "default_value": ""
          },
          {
            "name": "result",
            "type": {
              "type_id": 1,
              "capacity": 0,
              "string_capacity": 0,
              "nested_type_name": "turtlesim/action/RotateAbsolute_Result"
            },
            "default_value": ""
          }
        ]
      },
      {
        "type_name": "turtlesim/action/RotateAbsolute_Goal",
        "fields": [
          {
            "name": "theta",
            "type": {
              "type_id": 10,
              "capacity": 0,
              "string_capacity": 0,
              "nested_type_name": ""
            },
            "default_value": ""
          }
        ]
      },
      {
        "type_name": "turtlesim/action/RotateAbsolute_Result",
        "fields": [
          {
            "name": "delta",
            "type": {
              "type_id": 10,
              "capacity": 0,
              "string_capacity": 0,
              "nested_type_name": ""
            },
            "default_value": ""
          }
        ]
      },
      {
        "type_name": "turtlesim/action/RotateAbsolute_SendGoal",
        "fields": [
          {
            "name": "request_message",
            "type": {
              "type_id": 1,
              "capacity": 0,
              "string_capacity": 0,
              "nested_type_name": "turtlesim/action/RotateAbsolute_SendGoal_Request"
            },
            "default_value": ""
          },
          {
            "name": "response_message",
            "type": {
              "type_id": 1,
              "capacity": 0,
              "string_capacity": 0,
              "nested_type_name": "turtlesim/action/RotateAbsolute_SendGoal_Response"
            },
            "default_value": ""
          },
          {
            "name": "event_message",
            "type": {
              "type_id": 1,
              "capacity": 0,
              "string_capacity": 0,
              "nested_type_name": "turtlesim/action/RotateAbsolute_SendGoal_Event"
            },
            "default_value": ""
          }
        ]
      },
      {
        "type_name": "turtlesim/action/RotateAbsolute_SendGoal_Event",
        "fields": [
          {
            "name": "info",
            "type": {
              "type_id": 1,
              "capacity": 0,
              "string_capacity": 0,
              "nested_type_name": "service_msgs/msg/ServiceEventInfo"
            },
            "default_value": ""
          },
          {
            "name": "request",
            "type": {
              "type_id": 97,
              "capacity": 1,
              "string_capacity": 0,
              "nested_type_name": "turtlesim/action/RotateAbsolute_SendGoal_Request"
            },
            "default_value": ""
          },
          {
            "name": "response",
            "type": {
              "type_id": 97,
              "capacity": 1,
              "string_capacity": 0,
              "nested_type_name": "turtlesim/action/RotateAbsolute_SendGoal_Response"
            },
            "default_value": ""
          }
        ]
      },
      {
        "type_name": "turtlesim/action/RotateAbsolute_SendGoal_Request",
        "fields": [
          {
            "name": "goal_id",
            "type": {
              "type_id": 1,
              "capacity": 0,
              "string_capacity": 0,
              "nested_type_name": "unique_identifier_msgs/msg/UUID"
            },
            "default_value": ""
          },
          {
            "name": "goal",
            "type": {
              "type_id": 1,
              "capacity": 0,
              "string_capacity": 0,
              "nested_type_name": "turtlesim/action/RotateAbsolute_Goal"
            },
            "default_value": ""
          }
        ]
      },
      {
        "type_name": "turtlesim/action/RotateAbsolute_SendGoal_Response",
        "fields": [
          {
            "name": "accepted",
            "type": {
              "type_id": 15,
              "capacity": 0,
              "string_capacity": 0,
              "nested_type_name": ""
            },
            "default_value": ""
          },
          {
            "name": "stamp",
            "type": {
              "type_id": 1,
              "capacity": 0,
              "string_capacity": 0,
              "nested_type_name": "builtin_interfaces/msg/Time"
            },
            "default_value": ""
          }
        ]
      },
      {
        "type_name": "unique_identifier_msgs/msg/UUID",
        "fields": [
          {
            "name": "uuid",
            "type": {
              "type_id": 51,
              "capacity": 16,
              "string_capacity": 0,
              "nested_type_name": ""
            },
            "default_value": ""
          }
        ]
      }
    ]
  },
  "type_hashes": [
    {
      "type_name": "turtlesim/action/RotateAbsolute",
      "hash_string": "RIHS01_08ba6dd83d976f1cb548edd1f75f16cf30cca624ce1410b6ce77f44b8a3c2895"
    },
    {
      "type_name": "builtin_interfaces/msg/Time",
      "hash_string": "RIHS01_b106235e25a4c5ed35098aa0a61a3ee9c9b18d197f398b0e4206cea9acf9c197"
    },
    {
      "type_name": "service_msgs/msg/ServiceEventInfo",
      "hash_string": "RIHS01_41bcbbe07a75c9b52bc96bfd5c24d7f0fc0a08c0cb7921b3373c5732345a6f45"
    },
    {
      "type_name": "turtlesim/action/RotateAbsolute_Feedback",
      "hash_string": "RIHS01_d422136ea4ba9ffe2af6b2e555da09acf7f318ad1e5df0169100e24ff4e235b7"
    },
    {
      "type_name": "turtlesim/action/RotateAbsolute_FeedbackMessage",
      "hash_string": "RIHS01_301a2a4ed96af28a40155e14dadf0c48eee5decaecd755be05ccda8144ca40b3"
    },
    {
      "type_name": "turtlesim/action/RotateAbsolute_GetResult",
      "hash_string": "RIHS01_684206c4ffebeeab6f2134b42024d89cee3f496ad695eef4789ff0dc020c9f84"
    },
    {
      "type_name": "turtlesim/action/RotateAbsolute_GetResult_Event",
      "hash_string": "RIHS01_505ee95c2abf12984c034087ca60c839f6a0736fd23a876aae747fdbe4f3ac3d"
    },
    {
      "type_name": "turtlesim/action/RotateAbsolute_GetResult_Request",
      "hash_string": "RIHS01_66565fd4f8b59c7d98828d46b8c6ddb883974b946f75e05aa2b078078ca7bb4f"
    },
    {
      "type_name": "turtlesim/action/RotateAbsolute_GetResult_Response",
      "hash_string": "RIHS01_e896981c8e809b26b00ce5fe1440f665d57ffcb02d6b882829b45445917e056b"
    },
    {
      "type_name": "turtlesim/action/RotateAbsolute_Goal",
      "hash_string": "RIHS01_87a85708e2e85bdd56e4c71f41ff36f4d60ad2318c4faff1f85f417d2040a600"
    },
    {
      "type_name": "turtlesim/action/RotateAbsolute_Result",
      "hash_string": "RIHS01_ebf1053164cbc1314956ebea419d429ba9d3236219308838a2c71b1610baf143"
    },
    {
      "type_name": "turtlesim/action/RotateAbsolute_SendGoal",
      "hash_string": "RIHS01_0b9b876a15971456fbad2c7f0665c9879a41bb3fcba31a9015180a830f0ca84f"
    },
    {
      "type_name": "turtlesim/action/RotateAbsolute_SendGoal_Event",
      "hash_string": "RIHS01_977226eda9e57d3d3e0e8e585cf7db4ed77bc5c6a3820a9bcd33d74da5a79bf5"
    },
    {
      "type_name": "turtlesim/action/RotateAbsolute_SendGoal_Request",
      "hash_string": "RIHS01_af76c8315e4339d5008eaa78fd8a13f3c3c7807655c94c4649757629f7d345e8"
    },
    {
      "type_name": "turtlesim/action/RotateAbsolute_SendGoal_Response",
      "hash_string": "RIHS01_ec4bbddf7edb0bb396496c99f8de2dd22b683d1ea05d13ea667f3d12207d87f3"
    },
    {
      "type_name": "unique_identifier_msgs/msg/UUID",
      "hash_string": "RIHS01_1b8e8aca958cbea28fe6ef60bf6c19b683c97a9ef60bb34752067d0f2f7ab437"
    }
  ]
}